{"cameraMode":{"drawMode":0,"name":"Shaded","section":"Shading Mode"},"sceneLighting":true,"audioPlay":false,"sceneViewState":{"m_AlwaysRefresh":false,"showFog":true,"showSkybox":true,"showFlares":true,"showImageEffects":true,"showParticleSystems":true,"showVisualEffectGraphs":true,"m_FxEnabled":false},"in2DMode":false,"pivot":{"x":18.742528915405275,"y":18.59897804260254,"z":-11.212352752685547},"rotation":{"x":-0.004671051632612944,"y":0.965222179889679,"z":-0.26133042573928835,"w":-0.018115976825356485},"size":13.63914680480957,"orthographic":false}