{"cameraMode":{"drawMode":0,"name":"Shaded","section":"Shading Mode"},"sceneLighting":true,"audioPlay":false,"sceneViewState":{"m_AlwaysRefresh":false,"showFog":true,"showSkybox":true,"showFlares":true,"showImageEffects":true,"showParticleSystems":true,"showVisualEffectGraphs":true,"m_FxEnabled":false},"in2DMode":false,"pivot":{"x":27.384300231933595,"y":0.9178009033203125,"z":-87.74775695800781},"rotation":{"x":0.012916496954858303,"y":0.9831447601318359,"z":-0.1671290546655655,"w":0.07461943477392197},"size":56.527530670166019,"orthographic":false}