{"cameraMode":{"drawMode":0,"name":"Shaded","section":"Shading Mode"},"sceneLighting":true,"audioPlay":false,"sceneViewState":{"m_AlwaysRefresh":false,"showFog":true,"showSkybox":true,"showFlares":true,"showImageEffects":true,"showParticleSystems":true,"showVisualEffectGraphs":true,"m_FxEnabled":false},"in2DMode":false,"pivot":{"x":-2.5841307640075685,"y":-0.9209930896759033,"z":-0.10632622241973877},"rotation":{"x":0.18934005498886109,"y":-0.7529352307319641,"z":0.24574154615402223,"w":0.5805348753929138},"size":7.229915142059326,"orthographic":false}