{"cameraMode":{"drawMode":0,"name":"Shaded","section":"Shading Mode"},"sceneLighting":true,"audioPlay":false,"sceneViewState":{"m_AlwaysRefresh":false,"showFog":true,"showSkybox":true,"showFlares":true,"showImageEffects":true,"showParticleSystems":true,"showVisualEffectGraphs":true,"m_FxEnabled":true},"in2DMode":false,"pivot":{"x":-1.7278450727462769,"y":3.1398096084594728,"z":-2.2916910648345949},"rotation":{"x":0.10606779903173447,"y":0.10816846042871475,"z":-0.011601193808019162,"w":0.9884271025657654},"size":8.410470008850098,"orthographic":false}