{"cameraMode":{"drawMode":0,"name":"Shaded","section":"Shading Mode"},"sceneLighting":true,"audioPlay":false,"sceneViewState":{"m_AlwaysRefresh":false,"showFog":true,"showSkybox":true,"showFlares":true,"showImageEffects":true,"showParticleSystems":true,"showVisualEffectGraphs":true,"m_FxEnabled":false},"in2DMode":false,"pivot":{"x":-9.623289108276368,"y":-4.825845718383789,"z":22.572673797607423},"rotation":{"x":0.15174728631973267,"y":-0.2894359230995178,"z":0.046591076999902728,"w":0.9440283179283142},"size":21.908475875854493,"orthographic":false}