{"cameraMode":{"drawMode":0,"name":"Shaded","section":"Shading Mode"},"sceneLighting":true,"audioPlay":false,"sceneViewState":{"m_AlwaysRefresh":false,"showFog":true,"showSkybox":true,"showFlares":true,"showImageEffects":true,"showParticleSystems":true,"showVisualEffectGraphs":true,"m_FxEnabled":false},"in2DMode":false,"pivot":{"x":18.981613159179689,"y":-8.064868927001954,"z":-89.63204956054688},"rotation":{"x":0.022713107988238336,"y":0.9775921106338501,"z":-0.14361758530139924,"w":0.15301105380058289},"size":38.037628173828128,"orthographic":false}