{"cameraMode":{"drawMode":0,"name":"Shaded","section":"Shading Mode"},"sceneLighting":true,"audioPlay":false,"sceneViewState":{"m_AlwaysRefresh":false,"showFog":true,"showSkybox":true,"showFlares":true,"showImageEffects":true,"showParticleSystems":true,"showVisualEffectGraphs":true,"m_FxEnabled":false},"in2DMode":false,"pivot":{"x":-12.215874671936036,"y":-15.045846939086914,"z":-94.12117767333985},"rotation":{"x":0.19320689141750337,"y":-0.09744197130203247,"z":0.01937440037727356,"w":0.9762038588523865},"size":25.43657112121582,"orthographic":false}