{"cameraMode":{"drawMode":0,"name":"Shaded","section":"Shading Mode"},"sceneLighting":true,"audioPlay":false,"sceneViewState":{"m_AlwaysRefresh":false,"showFog":true,"showSkybox":true,"showFlares":true,"showImageEffects":true,"showParticleSystems":true,"showVisualEffectGraphs":true,"m_FxEnabled":false},"in2DMode":false,"pivot":{"x":-10.087240219116211,"y":-0.2694854736328125,"z":9.408546447753907},"rotation":{"x":0.1476493626832962,"y":-0.36211198568344118,"z":0.058290768414735797,"w":0.9186105728149414},"size":13.360015869140625,"orthographic":false}