{"cameraMode":{"drawMode":0,"name":"Shaded","section":"Shading Mode"},"sceneLighting":false,"audioPlay":false,"sceneViewState":{"m_AlwaysRefresh":false,"showFog":true,"showSkybox":false,"showFlares":true,"showImageEffects":true,"showParticleSystems":true,"showVisualEffectGraphs":true,"m_FxEnabled":false},"in2DMode":false,"pivot":{"x":-0.1297701895236969,"y":0.7927448749542236,"z":2.8176217079162599},"rotation":{"x":0.22608131170272828,"y":0.05502531677484512,"z":-0.012672187760472298,"w":0.9725459814071655},"size":3.7852509021759035,"orthographic":false}